id;code;title;alt;filename;data;data_content_type;created_date
1;colligate understated truthfully;uh-huh;quote guffaw;mmm quizzically wrap;../fake-data/blob/hipster.png;image/png;2024-04-14
2;step-grandfather loathsome psst;chilly;meh;times feline eek;../fake-data/blob/hipster.png;image/png;2024-04-14
3;automatic;parenting bashfully console;zowie;brilliant;../fake-data/blob/hipster.png;image/png;2024-04-14
4;heavily;beyond plunger amidst;once rightfully entrepreneur;anti;../fake-data/blob/hipster.png;image/png;2024-04-14
5;emend;candid whereas;likewise shipwreck from;schmooze;../fake-data/blob/hipster.png;image/png;2024-04-14
6;ew;healthy readily till;yourself gosh drat;because;../fake-data/blob/hipster.png;image/png;2024-04-13
7;than attenuation;immunize airforce mascara;underneath quiche inasmuch;backcomb;../fake-data/blob/hipster.png;image/png;2024-04-14
8;pastel;positively firm;bah supply;even;../fake-data/blob/hipster.png;image/png;2024-04-13
9;jealously;scarcely famous equally;coliseum oof upon;frenetically;../fake-data/blob/hipster.png;image/png;2024-04-13
10;whirr;grapple in;nut bashfully;upbeat;../fake-data/blob/hipster.png;image/png;2024-04-13
