id;name;email;mobile;age;gender;nationality;created_date
1;viciously greedily;Garrett36@gmail.com;for adrenalin whose;46;er geez;mama;2024-04-13T22:29:52
2;likewise yet;Vada.Collier-Jaskolski@gmail.com;good-natured athwart;21834;honestly;before whose phew;2024-04-14T00:24:10
3;yippee;Heidi.Metz@gmail.com;while blah;12350;fooey;aggressive solicitation ajar;2024-04-14T04:24:45
4;offensively knowledgeably;Raven_Luettgen@gmail.com;yowza;29902;relinquish bitterly;an aw yahoo;2024-04-14T02:31:50
5;ack;Jarret_Jacobs@hotmail.com;unfinished;24352;impede pace;excepting pedal;2024-04-13T21:28:11
6;cheek inasmuch past;Melyssa0@gmail.com;daughter traumatic pace;25340;faucet;yippee;2024-04-14T08:24:18
7;per;Yesenia45@yahoo.com;intrepid although;24604;ignorant hurtle;aha anenst cosy;2024-04-13T13:41:30
8;unwind an astronomy;Avery.Wolf@yahoo.com;after;15164;tinkling;ball beside;2024-04-14T04:05:54
9;meadow;Sabrina71@hotmail.com;majestically applaud;11611;indeed than meh;as unemployment;2024-04-13T15:15:16
10;poorly chivalry whose;Lempi_Kshlerin@gmail.com;humble;18883;creamy mortally extrude;fooey mode;2024-04-14T09:42:52
